INSERT INTO APARTMENTS (ID, APARTMENT_NAME, APARTMENT_NUMBER, STREET_NAME, NEIGHBORHOOD, CITY, STATE, CREATED_AT)
VALUES (99990, 'Barış', 6, 'Başak', 'Yeşilyurt', 'Istanbul', 'Bakırköy', NOW()),
       (99991, 'Şerifoğlu', 65, 'Esenlik', 'Ünalan', 'Istanbul', 'Üsküdar', NOW()),
       (99992, 'Arzu', 7, 'Sipahioğlu', 'Hasan Paşa', 'Istanbul', 'Küçükçekmece', NOW());

INSERT INTO CURRENCIES (ID, CURRENCY_VALUE)
VALUES (99990, 'TRY'),
       (99991, 'EUR'),
       (99992, 'USD');

INSERT INTO FLAT_TYPES (ID, FLAT_TYPE_VALUE)
VALUES (99990, '1+1'),
       (99991, '2+1'),
       (99992, '3+1'),
       (99993, '4+1');

INSERT INTO FLAT_CONTRACTS (ID, START_DATE, END_DATE, PAYMENT_DUE)
VALUES (99990, '2022-12-1 12:00:00', '2023-12-1 12:00:00', 10),
       (99991, '2022-12-1 12:00:00', '2023-12-1 12:00:00', 10),
       (99992, '2022-12-1 12:00:00', '2023-12-1 12:00:00', 30),
       (99993, '2022-12-1 12:00:00', '2023-12-1 12:00:00', 10);

INSERT INTO RENTERS (ID, TC_NO, IBAN, NAMESURNAME, PHONE_NUMBER, CREATED_AT, RENTER_CODE, EMAIL, ACTIVE)
VALUES (99990, '11111111111', 'TR650001001231575410625001', 'Enes Altuntaş', '+905536739260', NOW(), 'DENEME1',
        'enesaltuntas@gmail.com', true),
       (99991, '22222222222', 'TR650001001231575410625002', 'Mehmet Selek', '+905536739261', NOW(), 'DENEME2',
        'mehmetselek@gmail.com', true),
       (99992, '33333333333', 'TR650001001231575410625003', 'Mertcan Nar', '+905536739262', NOW(), 'DENEME3',
        'mertcannar@gmail.com', true),
       (99993, '44444444444', 'TR650001001231575410625004', 'Furkan Koçhan', '+905536739263', NOW(), 'DENEME4',
        'furkankochan@gmail.com', false);

INSERT INTO FLATS (ID, FLAT_NUMBER, FLAT_PRICE, FLAT_AREA, CREATED_AT, FLATTYPE_ID, CURRENCY_ID, APARTMENT_ID,
                   FLAT_CONTRACT_ID, RENTER_ID)
VALUES (99990, 1, 1500, '100', NOW(), 99990, 99990, 99990, 99990, 99990),
       (99991, 2, 2500, '120', NOW(), 99991, 99991, 99990, 99991, 99990),
       (99992, 1, 3500, '150', NOW(), 99992, 99992, 99991, 99992, 99991),
       (99993, 1, 7500, '240', NOW(), 99993, 99992, 99992, 99993, 99992),
       (99994, 2, 5500, '160', NOW(), 99990, 99990, 99992, NULL, NULL);

INSERT INTO LANDS (ID, CREATED_AT, ADA_NO, NEIGHBOURHOOD, PARSEL_NO, PRICE, PROVINCE, STATE)
VALUES (99990, NOW(), 75, 'Yeşilyurt', 1452, 7500000, 'Bakırköy', 'İstanbul'),
       (99991, NOW(), 75, 'Ünalan', 1452, 7500000, 'Üsküdar', 'İstanbul'),
       (99992, NOW(), 75, 'Atatürk', 1452, 7500000, 'Büyükçekmece', 'İstanbul');

INSERT INTO OWNERS (ID, CREATED_AT, NAME, PHONE_NUMBER, TCKN)
VALUES (99990, NOW(), 'Mehmet Emin Selek', '+905312668488', '44458354636'),
       (99991, NOW(), 'Enes Altuntaş', '+905536739261', '32728806152'),
       (99992, NOW(), 'Mehmet Selek', '5422668488', '11111111111');

INSERT INTO LANDS_OWNERS (owner_id, land_id)
VALUES (99990, 99990),
       (99990, 99991),
       (99990, 99992),
       (99991, 99992),
       (99992, 99991),
       (99990, 99992);

INSERT INTO FLAT_USAGE_TYPE(ID, USAGE_VALUE)
VALUES (99990, 'Ofis'),
       (99991, 'Mesken'),
       (99992, 'Air BNB');

INSERT INTO PAYMENTS (ID, CREATED_AT, PAYMENT_DATE, FILE_ID, FLAT_ID, RENTER_ID)
VALUES (99990, NOW(), '2022-11-21 17:14:27.467008', NULL, 99990, 99990),
       (99991, NOW(), '2022-12-21 17:14:27.467008', NULL, 99990, 99990),
       (99992, NOW(), '2022-12-21 17:14:27.467008', NULL, 99991, 99990),
       (99993, NOW(), '2022-11-21 17:14:27.467008', NULL, 99992, 99991),
       (99994, NOW(), '2022-11-21 17:14:27.467008', NULL, 99993, 99992);